-- Sample data generated
BEGIN;

INSERT INTO "t_ord_order" (ord_id, created, ord_label_en, basket_id) VALUES (1, '2024-01-02 00:00:00', 'Order 001', NULL);
INSERT INTO "t_ord_order" (ord_id, created, ord_label_en, basket_id) VALUES (2, '2024-01-03 00:00:00', 'Order 002', 9);
INSERT INTO "t_ord_order" (ord_id, created, ord_label_en, basket_id) VALUES (3, '2024-01-04 00:00:00', 'Order 003', 5);
INSERT INTO "t_ord_order" (ord_id, created, ord_label_en, basket_id) VALUES (4, '2024-01-05 00:00:00', 'Order 004', NULL);
INSERT INTO "t_ord_order" (ord_id, created, ord_label_en, basket_id) VALUES (5, '2024-01-06 00:00:00', 'Order 005', NULL);
INSERT INTO "t_ord_order" (ord_id, created, ord_label_en, basket_id) VALUES (6, '2024-01-07 00:00:00', 'Order 006', NULL);
INSERT INTO "t_ord_order" (ord_id, created, ord_label_en, basket_id) VALUES (7, '2024-01-08 00:00:00', 'Order 007', 14);
INSERT INTO "t_ord_order" (ord_id, created, ord_label_en, basket_id) VALUES (8, '2024-01-09 00:00:00', 'Order 008', 3);
INSERT INTO "t_ord_order" (ord_id, created, ord_label_en, basket_id) VALUES (9, '2024-01-10 00:00:00', 'Order 009', 17);
INSERT INTO "t_ord_order" (ord_id, created, ord_label_en, basket_id) VALUES (10, '2024-01-11 00:00:00', 'Order 010', NULL);
INSERT INTO "t_ord_order" (ord_id, created, ord_label_en, basket_id) VALUES (11, '2024-01-12 00:00:00', 'Order 011', NULL);
INSERT INTO "t_ord_order" (ord_id, created, ord_label_en, basket_id) VALUES (12, '2024-01-13 00:00:00', 'Order 012', NULL);
INSERT INTO "t_ord_order" (ord_id, created, ord_label_en, basket_id) VALUES (13, '2024-01-14 00:00:00', 'Order 013', NULL);
INSERT INTO "t_ord_order" (ord_id, created, ord_label_en, basket_id) VALUES (14, '2024-01-15 00:00:00', 'Order 014', NULL);
INSERT INTO "t_ord_order" (ord_id, created, ord_label_en, basket_id) VALUES (15, '2024-01-16 00:00:00', 'Order 015', NULL);
INSERT INTO "t_ord_order" (ord_id, created, ord_label_en, basket_id) VALUES (16, '2024-01-17 00:00:00', 'Order 016', 1);
INSERT INTO "t_ord_order" (ord_id, created, ord_label_en, basket_id) VALUES (17, '2024-01-18 00:00:00', 'Order 017', NULL);
INSERT INTO "t_ord_order" (ord_id, created, ord_label_en, basket_id) VALUES (18, '2024-01-19 00:00:00', 'Order 018', 14);
INSERT INTO "t_ord_order" (ord_id, created, ord_label_en, basket_id) VALUES (19, '2024-01-20 00:00:00', 'Order 019', 5);
INSERT INTO "t_ord_order" (ord_id, created, ord_label_en, basket_id) VALUES (20, '2024-01-21 00:00:00', 'Order 020', 11);

INSERT INTO "t_ord_basket" (basket_id, basket_label_en, ord_id_previous, created) VALUES (1, 'Basket 001', 13, '2024-01-04 00:00:00');
INSERT INTO "t_ord_basket" (basket_id, basket_label_en, ord_id_previous, created) VALUES (2, 'Basket 002', 12, '2024-01-05 00:00:00');
INSERT INTO "t_ord_basket" (basket_id, basket_label_en, ord_id_previous, created) VALUES (3, 'Basket 003', NULL, '2024-01-06 00:00:00');
INSERT INTO "t_ord_basket" (basket_id, basket_label_en, ord_id_previous, created) VALUES (4, 'Basket 004', NULL, '2024-01-07 00:00:00');
INSERT INTO "t_ord_basket" (basket_id, basket_label_en, ord_id_previous, created) VALUES (5, 'Basket 005', NULL, '2024-01-08 00:00:00');
INSERT INTO "t_ord_basket" (basket_id, basket_label_en, ord_id_previous, created) VALUES (6, 'Basket 006', NULL, '2024-01-09 00:00:00');
INSERT INTO "t_ord_basket" (basket_id, basket_label_en, ord_id_previous, created) VALUES (7, 'Basket 007', NULL, '2024-01-10 00:00:00');
INSERT INTO "t_ord_basket" (basket_id, basket_label_en, ord_id_previous, created) VALUES (8, 'Basket 008', NULL, '2024-01-11 00:00:00');
INSERT INTO "t_ord_basket" (basket_id, basket_label_en, ord_id_previous, created) VALUES (9, 'Basket 009', NULL, '2024-01-12 00:00:00');
INSERT INTO "t_ord_basket" (basket_id, basket_label_en, ord_id_previous, created) VALUES (10, 'Basket 010', NULL, '2024-01-13 00:00:00');
INSERT INTO "t_ord_basket" (basket_id, basket_label_en, ord_id_previous, created) VALUES (11, 'Basket 011', NULL, '2024-01-14 00:00:00');
INSERT INTO "t_ord_basket" (basket_id, basket_label_en, ord_id_previous, created) VALUES (12, 'Basket 012', NULL, '2024-01-15 00:00:00');
INSERT INTO "t_ord_basket" (basket_id, basket_label_en, ord_id_previous, created) VALUES (13, 'Basket 013', NULL, '2024-01-16 00:00:00');
INSERT INTO "t_ord_basket" (basket_id, basket_label_en, ord_id_previous, created) VALUES (14, 'Basket 014', NULL, '2024-01-17 00:00:00');
INSERT INTO "t_ord_basket" (basket_id, basket_label_en, ord_id_previous, created) VALUES (15, 'Basket 015', 8, '2024-01-18 00:00:00');
INSERT INTO "t_ord_basket" (basket_id, basket_label_en, ord_id_previous, created) VALUES (16, 'Basket 016', NULL, '2024-01-19 00:00:00');
INSERT INTO "t_ord_basket" (basket_id, basket_label_en, ord_id_previous, created) VALUES (17, 'Basket 017', NULL, '2024-01-20 00:00:00');
INSERT INTO "t_ord_basket" (basket_id, basket_label_en, ord_id_previous, created) VALUES (18, 'Basket 018', NULL, '2024-01-21 00:00:00');
INSERT INTO "t_ord_basket" (basket_id, basket_label_en, ord_id_previous, created) VALUES (19, 'Basket 019', NULL, '2024-01-22 00:00:00');
INSERT INTO "t_ord_basket" (basket_id, basket_label_en, ord_id_previous, created) VALUES (20, 'Basket 020', NULL, '2024-01-23 00:00:00');

INSERT INTO "t_ord_invoice" (invoice_id, invoice_date, invoice_total) VALUES (1, '2024-01-07', 2294.38);
INSERT INTO "t_ord_invoice" (invoice_id, invoice_date, invoice_total) VALUES (2, '2024-01-08', 4178.85);
INSERT INTO "t_ord_invoice" (invoice_id, invoice_date, invoice_total) VALUES (3, '2024-01-09', 855.14);
INSERT INTO "t_ord_invoice" (invoice_id, invoice_date, invoice_total) VALUES (4, '2024-01-10', 1808.59);
INSERT INTO "t_ord_invoice" (invoice_id, invoice_date, invoice_total) VALUES (5, '2024-01-11', 3367.37);
INSERT INTO "t_ord_invoice" (invoice_id, invoice_date, invoice_total) VALUES (6, '2024-01-12', 3524.01);
INSERT INTO "t_ord_invoice" (invoice_id, invoice_date, invoice_total) VALUES (7, '2024-01-13', 3433.56);
INSERT INTO "t_ord_invoice" (invoice_id, invoice_date, invoice_total) VALUES (8, '2024-01-14', 403.44);
INSERT INTO "t_ord_invoice" (invoice_id, invoice_date, invoice_total) VALUES (9, '2024-01-15', 3193.14);
INSERT INTO "t_ord_invoice" (invoice_id, invoice_date, invoice_total) VALUES (10, '2024-01-16', 2693.99);
INSERT INTO "t_ord_invoice" (invoice_id, invoice_date, invoice_total) VALUES (11, '2024-01-17', 1261.81);
INSERT INTO "t_ord_invoice" (invoice_id, invoice_date, invoice_total) VALUES (12, '2024-01-18', 2338.19);
INSERT INTO "t_ord_invoice" (invoice_id, invoice_date, invoice_total) VALUES (13, '2024-01-19', 1386.24);
INSERT INTO "t_ord_invoice" (invoice_id, invoice_date, invoice_total) VALUES (14, '2024-01-20', 4630.69);
INSERT INTO "t_ord_invoice" (invoice_id, invoice_date, invoice_total) VALUES (15, '2024-01-21', 3456.4);
INSERT INTO "t_ord_invoice" (invoice_id, invoice_date, invoice_total) VALUES (16, '2024-01-22', 1137.1);
INSERT INTO "t_ord_invoice" (invoice_id, invoice_date, invoice_total) VALUES (17, '2024-01-23', 1655.2);
INSERT INTO "t_ord_invoice" (invoice_id, invoice_date, invoice_total) VALUES (18, '2024-01-24', 3853.15);
INSERT INTO "t_ord_invoice" (invoice_id, invoice_date, invoice_total) VALUES (19, '2024-01-25', 326.89);
INSERT INTO "t_ord_invoice" (invoice_id, invoice_date, invoice_total) VALUES (20, '2024-01-26', 4117.92);

INSERT INTO "t_ord_item" (oitem_id, ord_id, basket_id, oitem_label, oitem_price) VALUES (1, 11, 13, 'Item 0001', 217.85);
INSERT INTO "t_ord_item" (oitem_id, ord_id, basket_id, oitem_label, oitem_price) VALUES (2, 7, 19, 'Item 0002', 701.71);
INSERT INTO "t_ord_item" (oitem_id, ord_id, basket_id, oitem_label, oitem_price) VALUES (3, 11, 7, 'Item 0003', 526.07);
INSERT INTO "t_ord_item" (oitem_id, ord_id, basket_id, oitem_label, oitem_price) VALUES (4, 13, 15, 'Item 0004', 118.58);
INSERT INTO "t_ord_item" (oitem_id, ord_id, basket_id, oitem_label, oitem_price) VALUES (5, 5, 8, 'Item 0005', 597.27);
INSERT INTO "t_ord_item" (oitem_id, ord_id, basket_id, oitem_label, oitem_price) VALUES (6, 18, 9, 'Item 0006', 598.88);
INSERT INTO "t_ord_item" (oitem_id, ord_id, basket_id, oitem_label, oitem_price) VALUES (7, 14, 19, 'Item 0007', 322.52);
INSERT INTO "t_ord_item" (oitem_id, ord_id, basket_id, oitem_label, oitem_price) VALUES (8, 8, 5, 'Item 0008', 410.07);
INSERT INTO "t_ord_item" (oitem_id, ord_id, basket_id, oitem_label, oitem_price) VALUES (9, 3, 2, 'Item 0009', 689.58);
INSERT INTO "t_ord_item" (oitem_id, ord_id, basket_id, oitem_label, oitem_price) VALUES (10, 5, 6, 'Item 0010', 634.7);
INSERT INTO "t_ord_item" (oitem_id, ord_id, basket_id, oitem_label, oitem_price) VALUES (11, 14, 20, 'Item 0011', 55.5);
INSERT INTO "t_ord_item" (oitem_id, ord_id, basket_id, oitem_label, oitem_price) VALUES (12, 13, 20, 'Item 0012', 796.92);
INSERT INTO "t_ord_item" (oitem_id, ord_id, basket_id, oitem_label, oitem_price) VALUES (13, 17, 9, 'Item 0013', 777.01);
INSERT INTO "t_ord_item" (oitem_id, ord_id, basket_id, oitem_label, oitem_price) VALUES (14, 1, 4, 'Item 0014', 546.96);
INSERT INTO "t_ord_item" (oitem_id, ord_id, basket_id, oitem_label, oitem_price) VALUES (15, 18, 9, 'Item 0015', 616.04);
INSERT INTO "t_ord_item" (oitem_id, ord_id, basket_id, oitem_label, oitem_price) VALUES (16, 11, 4, 'Item 0016', 238.33);
INSERT INTO "t_ord_item" (oitem_id, ord_id, basket_id, oitem_label, oitem_price) VALUES (17, 6, 15, 'Item 0017', 7.58);
INSERT INTO "t_ord_item" (oitem_id, ord_id, basket_id, oitem_label, oitem_price) VALUES (18, 9, 17, 'Item 0018', 610.76);
INSERT INTO "t_ord_item" (oitem_id, ord_id, basket_id, oitem_label, oitem_price) VALUES (19, 17, 4, 'Item 0019', 697.06);
INSERT INTO "t_ord_item" (oitem_id, ord_id, basket_id, oitem_label, oitem_price) VALUES (20, 10, 17, 'Item 0020', 489.13);
INSERT INTO "t_ord_item" (oitem_id, ord_id, basket_id, oitem_label, oitem_price) VALUES (21, 5, 12, 'Item 0021', 611.2);
INSERT INTO "t_ord_item" (oitem_id, ord_id, basket_id, oitem_label, oitem_price) VALUES (22, 18, 17, 'Item 0022', 735.2);
INSERT INTO "t_ord_item" (oitem_id, ord_id, basket_id, oitem_label, oitem_price) VALUES (23, 20, 11, 'Item 0023', 393.44);
INSERT INTO "t_ord_item" (oitem_id, ord_id, basket_id, oitem_label, oitem_price) VALUES (24, 4, 12, 'Item 0024', 703.58);
INSERT INTO "t_ord_item" (oitem_id, ord_id, basket_id, oitem_label, oitem_price) VALUES (25, 10, 8, 'Item 0025', 51.05);
INSERT INTO "t_ord_item" (oitem_id, ord_id, basket_id, oitem_label, oitem_price) VALUES (26, 19, 3, 'Item 0026', 73.09);
INSERT INTO "t_ord_item" (oitem_id, ord_id, basket_id, oitem_label, oitem_price) VALUES (27, 16, 3, 'Item 0027', 782.5);
INSERT INTO "t_ord_item" (oitem_id, ord_id, basket_id, oitem_label, oitem_price) VALUES (28, 18, 5, 'Item 0028', 107.07);
INSERT INTO "t_ord_item" (oitem_id, ord_id, basket_id, oitem_label, oitem_price) VALUES (29, 16, 18, 'Item 0029', 136.28);
INSERT INTO "t_ord_item" (oitem_id, ord_id, basket_id, oitem_label, oitem_price) VALUES (30, 17, 20, 'Item 0030', 341.39);
INSERT INTO "t_ord_item" (oitem_id, ord_id, basket_id, oitem_label, oitem_price) VALUES (31, 7, 18, 'Item 0031', 605.44);
INSERT INTO "t_ord_item" (oitem_id, ord_id, basket_id, oitem_label, oitem_price) VALUES (32, 7, 10, 'Item 0032', 322.2);
INSERT INTO "t_ord_item" (oitem_id, ord_id, basket_id, oitem_label, oitem_price) VALUES (33, 12, 15, 'Item 0033', 720.19);
INSERT INTO "t_ord_item" (oitem_id, ord_id, basket_id, oitem_label, oitem_price) VALUES (34, 15, 4, 'Item 0034', 202.08);
INSERT INTO "t_ord_item" (oitem_id, ord_id, basket_id, oitem_label, oitem_price) VALUES (35, 3, 11, 'Item 0035', 21.72);
INSERT INTO "t_ord_item" (oitem_id, ord_id, basket_id, oitem_label, oitem_price) VALUES (36, 18, 8, 'Item 0036', 472.81);
INSERT INTO "t_ord_item" (oitem_id, ord_id, basket_id, oitem_label, oitem_price) VALUES (37, 1, 3, 'Item 0037', 567.73);
INSERT INTO "t_ord_item" (oitem_id, ord_id, basket_id, oitem_label, oitem_price) VALUES (38, 2, 8, 'Item 0038', 58.58);
INSERT INTO "t_ord_item" (oitem_id, ord_id, basket_id, oitem_label, oitem_price) VALUES (39, 2, 11, 'Item 0039', 61.33);
INSERT INTO "t_ord_item" (oitem_id, ord_id, basket_id, oitem_label, oitem_price) VALUES (40, 8, 9, 'Item 0040', 536.84);
INSERT INTO "t_ord_item" (oitem_id, ord_id, basket_id, oitem_label, oitem_price) VALUES (41, 7, 18, 'Item 0041', 110.19);
INSERT INTO "t_ord_item" (oitem_id, ord_id, basket_id, oitem_label, oitem_price) VALUES (42, 19, 19, 'Item 0042', 380.77);
INSERT INTO "t_ord_item" (oitem_id, ord_id, basket_id, oitem_label, oitem_price) VALUES (43, 16, 14, 'Item 0043', 156.38);
INSERT INTO "t_ord_item" (oitem_id, ord_id, basket_id, oitem_label, oitem_price) VALUES (44, 4, 14, 'Item 0044', 286.67);
INSERT INTO "t_ord_item" (oitem_id, ord_id, basket_id, oitem_label, oitem_price) VALUES (45, 14, 15, 'Item 0045', 691.75);
INSERT INTO "t_ord_item" (oitem_id, ord_id, basket_id, oitem_label, oitem_price) VALUES (46, 2, 4, 'Item 0046', 53.19);
INSERT INTO "t_ord_item" (oitem_id, ord_id, basket_id, oitem_label, oitem_price) VALUES (47, 11, 4, 'Item 0047', 202.68);
INSERT INTO "t_ord_item" (oitem_id, ord_id, basket_id, oitem_label, oitem_price) VALUES (48, 7, 18, 'Item 0048', 361.65);
INSERT INTO "t_ord_item" (oitem_id, ord_id, basket_id, oitem_label, oitem_price) VALUES (49, 14, 6, 'Item 0049', 226.44);
INSERT INTO "t_ord_item" (oitem_id, ord_id, basket_id, oitem_label, oitem_price) VALUES (50, 8, 3, 'Item 0050', 357.29);
INSERT INTO "t_ord_item" (oitem_id, ord_id, basket_id, oitem_label, oitem_price) VALUES (51, 18, 4, 'Item 0051', 45.22);
INSERT INTO "t_ord_item" (oitem_id, ord_id, basket_id, oitem_label, oitem_price) VALUES (52, 18, 1, 'Item 0052', 775.35);
INSERT INTO "t_ord_item" (oitem_id, ord_id, basket_id, oitem_label, oitem_price) VALUES (53, 8, 6, 'Item 0053', 328.1);
INSERT INTO "t_ord_item" (oitem_id, ord_id, basket_id, oitem_label, oitem_price) VALUES (54, 16, 7, 'Item 0054', 692.4);
INSERT INTO "t_ord_item" (oitem_id, ord_id, basket_id, oitem_label, oitem_price) VALUES (55, 2, 6, 'Item 0055', 306.28);
INSERT INTO "t_ord_item" (oitem_id, ord_id, basket_id, oitem_label, oitem_price) VALUES (56, 13, 9, 'Item 0056', 741.58);
INSERT INTO "t_ord_item" (oitem_id, ord_id, basket_id, oitem_label, oitem_price) VALUES (57, 15, 10, 'Item 0057', 341.29);
INSERT INTO "t_ord_item" (oitem_id, ord_id, basket_id, oitem_label, oitem_price) VALUES (58, 18, 16, 'Item 0058', 128.06);
INSERT INTO "t_ord_item" (oitem_id, ord_id, basket_id, oitem_label, oitem_price) VALUES (59, 10, 7, 'Item 0059', 775.12);
INSERT INTO "t_ord_item" (oitem_id, ord_id, basket_id, oitem_label, oitem_price) VALUES (60, 19, 18, 'Item 0060', 53.46);

INSERT INTO "t_ord_allocation" (all_id, oitem_id, invoice_id, all_quantity, all_price) VALUES (1, 21, 2, 1, 611.2);
INSERT INTO "t_ord_allocation" (all_id, oitem_id, invoice_id, all_quantity, all_price) VALUES (2, 33, 17, 3, 2160.57);
INSERT INTO "t_ord_allocation" (all_id, oitem_id, invoice_id, all_quantity, all_price) VALUES (3, 33, 3, 3, 2160.57);
INSERT INTO "t_ord_allocation" (all_id, oitem_id, invoice_id, all_quantity, all_price) VALUES (4, 5, 8, 7, 4180.89);
INSERT INTO "t_ord_allocation" (all_id, oitem_id, invoice_id, all_quantity, all_price) VALUES (5, 57, 19, 4, 1365.16);
INSERT INTO "t_ord_allocation" (all_id, oitem_id, invoice_id, all_quantity, all_price) VALUES (6, 3, 20, 2, 1052.14);
INSERT INTO "t_ord_allocation" (all_id, oitem_id, invoice_id, all_quantity, all_price) VALUES (7, 38, 19, 9, 527.22);
INSERT INTO "t_ord_allocation" (all_id, oitem_id, invoice_id, all_quantity, all_price) VALUES (8, 17, 7, 6, 45.48);
INSERT INTO "t_ord_allocation" (all_id, oitem_id, invoice_id, all_quantity, all_price) VALUES (9, 26, 5, 5, 365.45);
INSERT INTO "t_ord_allocation" (all_id, oitem_id, invoice_id, all_quantity, all_price) VALUES (10, 60, 3, 1, 53.46);
INSERT INTO "t_ord_allocation" (all_id, oitem_id, invoice_id, all_quantity, all_price) VALUES (11, 37, 4, 2, 1135.46);
INSERT INTO "t_ord_allocation" (all_id, oitem_id, invoice_id, all_quantity, all_price) VALUES (12, 33, 9, 3, 2160.57);
INSERT INTO "t_ord_allocation" (all_id, oitem_id, invoice_id, all_quantity, all_price) VALUES (13, 57, 3, 4, 1365.16);
INSERT INTO "t_ord_allocation" (all_id, oitem_id, invoice_id, all_quantity, all_price) VALUES (14, 11, 15, 9, 499.5);
INSERT INTO "t_ord_allocation" (all_id, oitem_id, invoice_id, all_quantity, all_price) VALUES (15, 40, 17, 1, 536.84);
INSERT INTO "t_ord_allocation" (all_id, oitem_id, invoice_id, all_quantity, all_price) VALUES (16, 36, 10, 2, 945.62);
INSERT INTO "t_ord_allocation" (all_id, oitem_id, invoice_id, all_quantity, all_price) VALUES (17, 9, 9, 2, 1379.16);
INSERT INTO "t_ord_allocation" (all_id, oitem_id, invoice_id, all_quantity, all_price) VALUES (18, 48, 18, 3, 1084.95);
INSERT INTO "t_ord_allocation" (all_id, oitem_id, invoice_id, all_quantity, all_price) VALUES (19, 39, 7, 6, 367.98);
INSERT INTO "t_ord_allocation" (all_id, oitem_id, invoice_id, all_quantity, all_price) VALUES (20, 41, 9, 9, 991.71);
INSERT INTO "t_ord_allocation" (all_id, oitem_id, invoice_id, all_quantity, all_price) VALUES (21, 58, 2, 2, 256.12);
INSERT INTO "t_ord_allocation" (all_id, oitem_id, invoice_id, all_quantity, all_price) VALUES (22, 54, 9, 1, 692.4);
INSERT INTO "t_ord_allocation" (all_id, oitem_id, invoice_id, all_quantity, all_price) VALUES (23, 50, 5, 5, 1786.45);
INSERT INTO "t_ord_allocation" (all_id, oitem_id, invoice_id, all_quantity, all_price) VALUES (24, 29, 18, 7, 953.96);
INSERT INTO "t_ord_allocation" (all_id, oitem_id, invoice_id, all_quantity, all_price) VALUES (25, 8, 3, 3, 1230.21);
INSERT INTO "t_ord_allocation" (all_id, oitem_id, invoice_id, all_quantity, all_price) VALUES (26, 54, 12, 10, 6924.0);
INSERT INTO "t_ord_allocation" (all_id, oitem_id, invoice_id, all_quantity, all_price) VALUES (27, 28, 5, 1, 107.07);
INSERT INTO "t_ord_allocation" (all_id, oitem_id, invoice_id, all_quantity, all_price) VALUES (28, 58, 2, 6, 768.36);
INSERT INTO "t_ord_allocation" (all_id, oitem_id, invoice_id, all_quantity, all_price) VALUES (29, 16, 4, 6, 1429.98);
INSERT INTO "t_ord_allocation" (all_id, oitem_id, invoice_id, all_quantity, all_price) VALUES (30, 57, 14, 10, 3412.9);
INSERT INTO "t_ord_allocation" (all_id, oitem_id, invoice_id, all_quantity, all_price) VALUES (31, 60, 8, 3, 160.38);
INSERT INTO "t_ord_allocation" (all_id, oitem_id, invoice_id, all_quantity, all_price) VALUES (32, 52, 6, 7, 5427.45);
INSERT INTO "t_ord_allocation" (all_id, oitem_id, invoice_id, all_quantity, all_price) VALUES (33, 48, 11, 7, 2531.55);
INSERT INTO "t_ord_allocation" (all_id, oitem_id, invoice_id, all_quantity, all_price) VALUES (34, 56, 8, 5, 3707.9);
INSERT INTO "t_ord_allocation" (all_id, oitem_id, invoice_id, all_quantity, all_price) VALUES (35, 45, 4, 7, 4842.25);
INSERT INTO "t_ord_allocation" (all_id, oitem_id, invoice_id, all_quantity, all_price) VALUES (36, 55, 16, 4, 1225.12);
INSERT INTO "t_ord_allocation" (all_id, oitem_id, invoice_id, all_quantity, all_price) VALUES (37, 59, 15, 6, 4650.72);
INSERT INTO "t_ord_allocation" (all_id, oitem_id, invoice_id, all_quantity, all_price) VALUES (38, 51, 8, 4, 180.88);
INSERT INTO "t_ord_allocation" (all_id, oitem_id, invoice_id, all_quantity, all_price) VALUES (39, 13, 13, 6, 4662.06);
INSERT INTO "t_ord_allocation" (all_id, oitem_id, invoice_id, all_quantity, all_price) VALUES (40, 5, 9, 6, 3583.62);

COMMIT;
